{
  "total_cost_eur": 94381079.66873725,
  "total_gen_MWh": 1059116.308737502,
  "ren_gen_MWh": 653257.885502752,
  "ren_share_pct": 61.679522835547196,
  "avg_marginal_cost": 89.1130453663227,
  "total_co2_tonnes": 155412.05422873134,
  "n_startups": 7,
  "max_slack_MW": 0.0
}