{
  "total_cost_eur": 94967233.00548819,
  "total_gen_MWh": 1058406.9101875,
  "ren_gen_MWh": 650457.6460462499,
  "ren_share_pct": 61.456292450983646,
  "avg_marginal_cost": 89.72658066703707,
  "total_co2_tonnes": 156477.8926967624,
  "n_startups": 7,
  "max_slack_MW": 0.0
}